Workbook

Sheet Start Here
B2: Job Tracker
B3: A simple way to keep every job you find, apply to and hear back from in one place. No coding needed.
B5: 1. Put it in Google Sheets (2 minutes)
B6: • Go to drive.google.com → New → File upload, and pick this file.
B7: • Open it, then choose File → Save as Google Sheets. Work in that new copy.
B8: • Or: open sheets.google.com → Blank → File → Import → Upload → "Replace spreadsheet".
B9: • Works in Excel and Numbers too, if you'd rather keep it on your computer.
B11: 2. Add a job (one row per job)
B12: • Go to the Tracker tab. The 4 gray example rows show the format. Delete them when you're ready (right-click the row numbers → Delete rows).
B13: • Fill in what you know. Only Company, Title, Link and Status really matter. The rest helps you decide.
B14: • Status, Track and Match have dropdowns, so click the cell and pick.
B15: • Dates: type them like 2026-10-22, or press Ctrl+; (Cmd+; on Mac) for today.
... B41: • Want the automated version that finds and scores jobs for you? See the GitHub repo: github.com/SincerelyBrittany/job-tracker-for-all

Sheet Tracker
A1: Date Found | B1: Company | C1: Title | D1: Location/Remote | E1: Salary | F1: Seniority | G1: Match (1-5) | H1: Why It Fits | I1: Link | J1: Source | K1: Status | L1: Tailored Resume | M1: Date Applied | N1: Notes | O1: Track | P1: Follow-Up Date
A2: 46315 | B2: Example Health | C2: Frontend Engineer | D2: Remote (US) | E2: $110,000–$130,000 | F2: Mid | G2: 5 | H2: React + TypeScript, health-tech mission, salary above my floor. | I2: https://example.com/jobs/frontend-engineer | J2: Job board | K2: Applied | L2: Resume-Frontend-v2.pdf | M2: 46316 | N2: EXAMPLE ROW: delete me. Referral from a former teammate. | O2: SWE | P2: 46330
A3: 46315 | B3: Sample Cloud Co | C3: Associate Cloud Engineer | D3: Remote (US) | E3: Not listed | F3: Associate | G3: 4 | H3: Entry-level cloud; AWS + Docker listed. | I3: https://example.com/jobs/associate-cloud-engineer | J3: Company site | K3: Approved | N3: EXAMPLE ROW: delete me. | O3: Cloud
A4: 46314 | B4: Demo Security Inc | C4: SOC Analyst I | D4: Remote (US) | E4: $75,000 | F4: Entry | G4: 3 | H4: Good entry point, but pay is under my floor. | I4: https://example.com/jobs/soc-analyst-1 | J4: LinkedIn | K4: To Review | N4: EXAMPLE ROW: delete me. | O4: Cyber
A5: 46313 | B5: Placeholder Fintech | C5: Full-Stack Engineer | D5: Remote (US) | E5: $125,000 | F5: Mid | G5: 4 | H5: Node + React, fintech, remote. | I5: https://example.com/jobs/full-stack-engineer | J5: Hacker News | K5: Interviewing | L5: Resume-FullStack-v1.pdf | M5: 46307 | N5: EXAMPLE ROW: delete me. Technical screen Oct 28. | O5: SWE | P5: 46323

Sheet Summary
A1: Your job search at a glance
A2: Updates automatically from the Tracker tab. Example rows count until you delete them.
D3: By status
A4: Jobs tracked | B4: =COUNTA(Tracker!$B$2:$B$1000) -> 4 | D4: To Review | E4: =COUNTIF(Tracker!$K$2:$K$1000,D4) -> 1
A5: Applied (so far, any outcome) | B5: =COUNTIF(Tracker!$K$2:$K$1000,"Applied")+COUNTIF(Tracker!$K$2:$K$1000,"Interviewing")+COUNTIF(Tracker!$K$2:$K$1000,"Offer")+COUNTIF(Tracker!$K$2:$K$1000,"Rejected") -> 2 | D5: Approved | E5: =COUNTIF(Tracker!$K$2:$K$1000,D5) -> 1
A6: Heard back (interview or offer) | B6: =COUNTIF(Tracker!$K$2:$K$1000,"Interviewing")+COUNTIF(Tracker!$K$2:$K$1000,"Offer") -> 1 | D6: Applied | E6: =COUNTIF(Tracker!$K$2:$K$1000,D6) -> 1
A7: Response rate | B7: =IF(B5=0,0,B6/B5) -> 0.5 | D7: Interviewing | E7: =COUNTIF(Tracker!$K$2:$K$1000,D7) -> 1
A8: Applied in the last 7 days | B8: =COUNTIFS(Tracker!$M$2:$M$1000,">="&(TODAY()-6),Tracker!$M$2:$M$1000,"<="&TODAY()) -> 1 | D8: Offer | E8: =COUNTIF(Tracker!$K$2:$K$1000,D8) -> 0
A9: Follow-ups due now | B9: =COUNTIFS(Tracker!$P$2:$P$1000,"<="&TODAY(),Tracker!$K$2:$K$1000,"Applied") -> 0 | D9: Rejected | E9: =COUNTIF(Tracker!$K$2:$K$1000,D9) -> 0
A10: Weekly goal (edit me) | B10: 10 | D10: Skipped | E10: =COUNTIF(Tracker!$K$2:$K$1000,D10) -> 0
A11: Progress to weekly goal | B11: =IF(B10=0,0,MIN(1,B8/B10)) -> 0.1
D13: By track
D14: =IF(Lists!B2="","",Lists!B2) -> SWE | E14: =IF(D14="","",COUNTIF(Tracker!$O$2:$O$1000,D14)) -> 2
D15: =IF(Lists!B3="","",Lists!B3) -> Cloud | E15: =IF(D15="","",COUNTIF(Tracker!$O$2:$O$1000,D15)) -> 1
D16: =IF(Lists!B4="","",Lists!B4) -> Cyber | E16: =IF(D16="","",COUNTIF(Tracker!$O$2:$O$1000,D16)) -> 1
D17: =IF(Lists!B5="","",Lists!B5) -> Other | E17: =IF(D17="","",COUNTIF(Tracker!$O$2:$O$1000,D17)) -> 0

Sheet Lists
A1: Status | B1: Track | D1: Edit the Track list to fit your search (up to 10). Leave Status as is; the Summary tab counts these names.
A2: To Review | B2: SWE
A3: Approved | B3: Cloud
A4: Applied | B4: Cyber
A5: Interviewing | B5: Other
A6: Offer
A7: Rejected
A8: Skipped
